ID,pred
2019_1101_1113,0.1900387636805263
2019_1101_1120,0.07843649220564408
2019_1101_1124,0.12282754637137172
2019_1101_1125,0.15388982637196658
2019_1101_1133,0.6751276148834883
2019_1101_1138,0.06508466107693789
2019_1101_1153,0.08641217173890514
2019_1101_1159,0.3296209321931611
2019_1101_1181,0.07698587559933057
2019_1101_1192,0.9104236041212075
2019_1101_1196,0.07586418850618959
2019_1101_1199,0.09208727148054852
2019_1101_1205,0.5046326543590379
2019_1101_1209,0.2981080641481888
2019_1101_1211,0.03893814824693953
2019_1101_1222,0.06435164571763474
2019_1101_1233,0.8983209178741333
2019_1101_1234,0.07527254902689573
2019_1101_1235,0.10399210083656585
2019_1101_1242,0.08764083987024585
2019_1101_1243,0.08648191433013652
2019_1101_1246,0.09077746642997186
2019_1101_1251,0.250195158469413
2019_1101_1257,0.07918533231106406
2019_1101_1261,0.09117723306196468
2019_1101_1266,0.14389178491470445
2019_1101_1268,0.0844236319765882
2019_1101_1276,0.06524009155246713
2019_1101_1277,0.07086187459792725
2019_1101_1278,0.08270544274433389
2019_1101_1279,0.14551958940480492
2019_1101_1280,0.09204810596650281
2019_1101_1285,0.24543139660235386
2019_1101_1293,0.13296944936930177
2019_1101_1295,0.7924902945394481
2019_1101_1297,0.6636413955327158
2019_1101_1300,0.9641566038734909
2019_1101_1305,0.06806366751904169
2019_1101_1308,0.1054725251802977
2019_1101_1314,0.08805616035595754
2019_1101_1318,0.3717066560374581
2019_1101_1326,0.06458143889345724
2019_1101_1328,0.0882077069563667
2019_1101_1330,0.601522979540258
2019_1101_1332,0.10849810964311646
2019_1101_1341,0.7550635236993509
2019_1101_1345,0.07181812373625018
2019_1101_1371,0.162649242611834
2019_1101_1385,0.23772342727785023
2019_1101_1387,0.6054232793306942
2019_1101_1388,0.10035271234424747
2019_1101_1393,0.08403583186602492
2019_1101_1396,0.21965149994478605
2019_1101_1397,0.07964199696468
2019_1101_1403,0.06473423413461354
2019_1101_1414,0.16992633483068553
2019_1101_1416,0.13596195120261845
2019_1101_1429,0.13338219873797497
2019_1101_1433,0.13311758484832925
2019_1101_1436,0.3033716620249034
2019_1101_1437,0.08101511259396788
2019_1101_1438,0.04913091031596162
2019_1101_1439,0.07113984753486513
2019_1101_1449,0.1085251415571944
2019_1101_1458,0.06586059061885419
2019_1101_1459,0.04724029200374735
2019_1101_1463,0.23270938927979057
2019_1113_1120,0.17697794254013932
2019_1113_1124,0.508314510395379
2019_1113_1125,0.17559700831327368
2019_1113_1133,0.9169334711005065
2019_1113_1138,0.2404186718373319
2019_1113_1153,0.34562983645898204
2019_1113_1159,0.8577600069668943
2019_1113_1181,0.13141547312635826
2019_1113_1192,0.956860269748432
2019_1113_1196,0.2372872584156197
2019_1113_1199,0.1880392086596755
2019_1113_1205,0.9117070287124494
2019_1113_1209,0.4032477408421686
2019_1113_1211,0.07297088254721018
2019_1113_1222,0.19542996371404753
2019_1113_1233,0.9523239539377373
2019_1113_1234,0.23823241084122848
2019_1113_1235,0.2600549221116256
2019_1113_1242,0.15493806852988667
2019_1113_1243,0.2034327913052426
2019_1113_1246,0.1637377045953825
2019_1113_1251,0.49528160973783425
2019_1113_1257,0.18405815499128364
2019_1113_1261,0.20767702412442168
2019_1113_1266,0.5028913394354628
2019_1113_1268,0.24419138722666767
2019_1113_1276,0.11360407715864362
2019_1113_1277,0.12153184390461957
2019_1113_1278,0.23853908761801834
2019_1113_1279,0.591558955289762
2019_1113_1280,0.29176185727128723
2019_1113_1285,0.8253422602271409
2019_1113_1293,0.15192170992504753
2019_1113_1295,0.9360290637254696
2019_1113_1297,0.8153583599799672
2019_1113_1300,0.9775145490185765
2019_1113_1305,0.29082956434789875
2019_1113_1308,0.07857389810819755
2019_1113_1314,0.15609655951752732
2019_1113_1318,0.6540238098198571
2019_1113_1326,0.11499763900897886
2019_1113_1328,0.30276342222341
2019_1113_1330,0.7071960156861292
2019_1113_1332,0.2760849054147582
2019_1113_1341,0.9275263864057322
2019_1113_1345,0.140926616447966
2019_1113_1371,0.6650284798109534
2019_1113_1385,0.43110310900754195
2019_1113_1387,0.7335979222878062
2019_1113_1388,0.12580288867869174
2019_1113_1393,0.25214244266783636
2019_1113_1396,0.32814048843989396
2019_1113_1397,0.13784256956075513
2019_1113_1403,0.12771285166412827
2019_1113_1414,0.1944865487203195
2019_1113_1416,0.597497902315926
2019_1113_1429,0.5929124039860472
2019_1113_1433,0.6144200596704372
2019_1113_1436,0.4480882389140811
2019_1113_1437,0.24626935903185787
2019_1113_1438,0.09122668911207998
2019_1113_1439,0.16834942497591276
2019_1113_1449,0.5316242496847073
2019_1113_1458,0.12412905434004418
2019_1113_1459,0.17286615699388963
2019_1113_1463,0.43501702558599076
2019_1120_1124,0.8244458631030243
2019_1120_1125,0.7983445663444524
2019_1120_1133,0.9514372802759722
2019_1120_1138,0.43777641500509884
2019_1120_1153,0.6074684162781758
2019_1120_1159,0.9323039987760605
2019_1120_1181,0.26272147589086325
2019_1120_1192,0.9740704670728639
2019_1120_1196,0.7533804300037608
2019_1120_1199,0.6233431840748895
2019_1120_1205,0.9464121439307769
2019_1120_1209,0.8702268782483571
2019_1120_1211,0.2047523110037014
2019_1120_1222,0.7902069792064147
2019_1120_1233,0.9722101857343458
2019_1120_1234,0.5345765585501109
2019_1120_1235,0.6951577828582687
2019_1120_1242,0.44482897961728596
2019_1120_1243,0.7904518052123888
2019_1120_1246,0.3666666106018467
2019_1120_1251,0.8963312896322986
2019_1120_1257,0.6136184798694431
2019_1120_1261,0.8036593148175754
2019_1120_1266,0.7397556362779613
2019_1120_1268,0.5895344787909672
2019_1120_1276,0.3062834507721175
2019_1120_1277,0.27014223688422623
2019_1120_1278,0.479372690976061
2019_1120_1279,0.841278869849813
2019_1120_1280,0.7018793370887326
2019_1120_1285,0.9261424858019751
2019_1120_1293,0.7758813513782398
2019_1120_1295,0.9621311992110362
2019_1120_1297,0.9233032072674551
2019_1120_1300,0.9859984599850612
2019_1120_1305,0.5614785874302968
2019_1120_1308,0.6980237158023822
2019_1120_1314,0.35377392562488896
2019_1120_1318,0.9016920022191481
2019_1120_1326,0.7531405287116325
2019_1120_1328,0.6973703546032219
2019_1120_1330,0.916570609754956
2019_1120_1332,0.8286182576926688
2019_1120_1341,0.9584124539962101
2019_1120_1345,0.6528703238839938
2019_1120_1371,0.8085193477668399
2019_1120_1385,0.876852126581181
2019_1120_1387,0.927254059081603
2019_1120_1388,0.7375837877373088
2019_1120_1393,0.7247849826015098
2019_1120_1396,0.8516782671970058
2019_1120_1397,0.40588979681252435
2019_1120_1403,0.5406641792491789
2019_1120_1414,0.7973684191967428
2019_1120_1416,0.7761788241111649
2019_1120_1429,0.7635268880878138
2019_1120_1433,0.8084493680815036
2019_1120_1436,0.8763556686251842
2019_1120_1437,0.6426282181778258
2019_1120_1438,0.16533064969986078
2019_1120_1439,0.7399277564618535
2019_1120_1449,0.7561556298491515
2019_1120_1458,0.36448252187773944
2019_1120_1459,0.29456027114951683
2019_1120_1463,0.8760621043902483
2019_1124_1125,0.3543105084105813
2019_1124_1133,0.9256401734858186
2019_1124_1138,0.24548885484866556
2019_1124_1153,0.3459509725060521
2019_1124_1159,0.9032574587867235
2019_1124_1181,0.12068219189117513
2019_1124_1192,0.963103449920963
2019_1124_1196,0.27619432341720057
2019_1124_1199,0.19096095017287917
2019_1124_1205,0.9212326710773676
2019_1124_1209,0.6454406326962003
2019_1124_1211,0.07438845640807579
2019_1124_1222,0.19980094521322922
2019_1124_1233,0.9594643904211753
2019_1124_1234,0.09220882673757745
2019_1124_1235,0.2642267011175663
2019_1124_1242,0.15301838402927181
2019_1124_1243,0.20184835130459722
2019_1124_1246,0.14226680027191385
2019_1124_1251,0.7048824110757724
2019_1124_1257,0.18752570562861837
2019_1124_1261,0.20606807933990412
2019_1124_1266,0.48529940031374785
2019_1124_1268,0.24238609420107815
2019_1124_1276,0.11265741120856343
2019_1124_1277,0.1123015697726445
2019_1124_1278,0.08207305707872548
2019_1124_1279,0.5744495887446672
2019_1124_1280,0.2897396974279095
2019_1124_1285,0.8881818990215467
2019_1124_1293,0.2812073706510502
2019_1124_1295,0.9433439151298856
2019_1124_1297,0.8812733535538299
2019_1124_1300,0.9800656292976724
2019_1124_1305,0.29112243598243026
2019_1124_1308,0.1521475478937712
2019_1124_1314,0.13710252756643737
2019_1124_1318,0.7759106731314722
2019_1124_1326,0.17109101553992015
2019_1124_1328,0.1580905384783131
2019_1124_1330,0.7701227696449499
2019_1124_1332,0.39695403220885245
2019_1124_1341,0.9362154703630078
2019_1124_1345,0.13974360114769857
2019_1124_1371,0.422696538445531
2019_1124_1385,0.5811757168723014
2019_1124_1387,0.781214657324586
2019_1124_1388,0.26920853139296874
2019_1124_1393,0.2502978344206982
2019_1124_1396,0.5283822574777142
2019_1124_1397,0.1374962718499223
2019_1124_1403,0.1309931269510547
2019_1124_1414,0.32354920196851955
2019_1124_1416,0.26032846430006473
2019_1124_1429,0.5758190790076068
2019_1124_1433,0.5976169384872441
2019_1124_1436,0.6416871194121463
2019_1124_1437,0.2444536723671733
2019_1124_1438,0.08741383841531702
2019_1124_1439,0.16774804022602785
2019_1124_1449,0.15647117066079033
2019_1124_1458,0.12822772731361531
2019_1124_1459,0.17684340089279782
2019_1124_1463,0.6747170380513852
2019_1125_1133,0.9397801731654324
2019_1125_1138,0.25249336784266785
2019_1125_1153,0.3839278160328199
2019_1125_1159,0.8860953585165499
2019_1125_1181,0.13228095957138386
2019_1125_1192,0.967303593340316
2019_1125_1196,0.3112211690001052
2019_1125_1199,0.19198567081860707
2019_1125_1205,0.9326668674698432
2019_1125_1209,0.4743177089820046
2019_1125_1211,0.06271596127606471
2019_1125_1222,0.20526002113428765
2019_1125_1233,0.9638021063346596
2019_1125_1234,0.2864148671151415
2019_1125_1235,0.32213640895956586
2019_1125_1242,0.1658613877114372
2019_1125_1243,0.22426955949704763
2019_1125_1246,0.15842619271365088
2019_1125_1251,0.5810484658067627
2019_1125_1257,0.23397066353798246
2019_1125_1261,0.2556603764280826
2019_1125_1266,0.5757970771845506
2019_1125_1268,0.29972629770305936
2019_1125_1276,0.12118256728297883
2019_1125_1277,0.11597095047379946
2019_1125_1278,0.2910338584752621
2019_1125_1279,0.718553485018796
2019_1125_1280,0.40988592922279465
2019_1125_1285,0.8590744924168479
2019_1125_1293,0.20203003518248894
2019_1125_1295,0.9512583552516037
2019_1125_1297,0.850669940515035
2019_1125_1300,0.9822165629266302
2019_1125_1305,0.326081191405753
2019_1125_1308,0.11670940032766507
2019_1125_1314,0.14922537639942413
2019_1125_1318,0.6899744837058438
2019_1125_1326,0.18979270813541294
2019_1125_1328,0.4296564957914122
2019_1125_1330,0.7740924470083722
2019_1125_1332,0.3608222114775319
2019_1125_1341,0.9461545763722677
2019_1125_1345,0.16695833234001434
2019_1125_1371,0.7777614147204057
2019_1125_1385,0.5171435613021421
2019_1125_1387,0.7962006526873718
2019_1125_1388,0.15069658734100963
2019_1125_1393,0.3287401473362602
2019_1125_1396,0.40838291124812903
2019_1125_1397,0.13398169967116136
2019_1125_1403,0.1327803018731626
2019_1125_1414,0.25442230369491475
2019_1125_1416,0.6720450198885928
2019_1125_1429,0.6855065917970844
2019_1125_1433,0.7222510623821246
2019_1125_1436,0.5343346398182769
2019_1125_1437,0.3279868363424223
2019_1125_1438,0.07860896691083441
2019_1125_1439,0.18292886002932074
2019_1125_1449,0.5725007045152293
2019_1125_1458,0.16293139391810785
2019_1125_1459,0.18181774072882617
2019_1125_1463,0.4754736463776434
2019_1133_1138,0.040013961770280826
2019_1133_1153,0.05030894349528159
2019_1133_1159,0.15683817206264805
2019_1133_1181,0.05293511167901166
2019_1133_1192,0.8284531022586639
2019_1133_1196,0.051065489247427265
2019_1133_1199,0.060839743726994744
2019_1133_1205,0.2399483184003719
2019_1133_1209,0.12191635639427045
2019_1133_1211,0.02486875700358593
2019_1133_1222,0.039551359810859776
2019_1133_1233,0.8075352420619095
2019_1133_1234,0.05009927033839223
2019_1133_1235,0.06838374990112905
2019_1133_1242,0.06047952012265856
2019_1133_1243,0.05287532428299935
2019_1133_1246,0.06271087173248968
2019_1133_1251,0.105353325677923
2019_1133_1257,0.051582165497156995
2019_1133_1261,0.06030291103318686
2019_1133_1266,0.08895345652474795
2019_1133_1268,0.055595327508496495
2019_1133_1276,0.04468113823919462
2019_1133_1277,0.04845962903437029
2019_1133_1278,0.055005555046566235
2019_1133_1279,0.08282802185124105
2019_1133_1280,0.06159564963936437
2019_1133_1285,0.1095668565356534
2019_1133_1293,0.055897233140592695
2019_1133_1295,0.556641488397963
2019_1133_1297,0.24299721287219433
2019_1133_1300,0.9533798451656397
2019_1133_1305,0.04189687523339858
2019_1133_1308,0.04769332166332241
2019_1133_1314,0.06077470006783803
2019_1133_1318,0.13990710381957383
2019_1133_1326,0.04289026620674308
2019_1133_1328,0.058984473961828376
2019_1133_1330,0.21719247263459152
2019_1133_1332,0.054967197092360975
2019_1133_1341,0.4665289942772575
2019_1133_1345,0.04580254445247034
2019_1133_1371,0.07796533554228902
2019_1133_1385,0.09911967832353252
2019_1133_1387,0.21987246952269146
2019_1133_1388,0.05555739172460783
2019_1133_1393,0.05564213788319228
2019_1133_1396,0.09384543092612274
2019_1133_1397,0.05165572109609373
2019_1133_1403,0.04035484993304239
2019_1133_1414,0.07092470339842283
2019_1133_1416,0.06475530292968856
2019_1133_1429,0.06746008248291357
2019_1133_1433,0.06582175969970416
2019_1133_1436,0.11829598127281793
2019_1133_1437,0.05379090075913995
2019_1133_1438,0.0314993118970196
2019_1133_1439,0.043518333114248575
2019_1133_1449,0.0513943765693784
2019_1133_1458,0.04268696164877428
2019_1133_1459,0.028831294601525226
2019_1133_1463,0.09633637337925827
2019_1138_1153,0.3970256109579372
2019_1138_1159,0.9348849420095477
2019_1138_1181,0.17235862656053236
2019_1138_1192,0.9752181616951199
2019_1138_1196,0.6846486887787284
2019_1138_1199,0.4316904186687276
2019_1138_1205,0.9473263129129724
2019_1138_1209,0.8361126901333005
2019_1138_1211,0.1314774568817818
2019_1138_1222,0.6254469135772553
2019_1138_1233,0.9732909511658447
2019_1138_1234,0.30163844684411145
2019_1138_1235,0.4282777655211589
2019_1138_1242,0.3310635658384161
2019_1138_1243,0.6080469504842729
2019_1138_1246,0.24546004987841874
2019_1138_1251,0.8706118733491838
2019_1138_1257,0.4009119442630527
2019_1138_1261,0.6870461280420659
2019_1138_1266,0.9368918524850587
2019_1138_1268,0.3770300015503049
2019_1138_1276,0.22262050173326609
2019_1138_1277,0.1801205093873064
2019_1138_1278,0.2691849869220338
2019_1138_1279,0.7735308987674234
2019_1138_1280,0.8728199827237428
2019_1138_1285,0.9308631863356075
2019_1138_1293,0.7134539006528524
2019_1138_1295,0.9624539415429407
2019_1138_1297,0.935438533224296
2019_1138_1300,0.9870936858635148
2019_1138_1305,0.3589190725792168
2019_1138_1308,0.5651047255940813
2019_1138_1314,0.2275947863766684
2019_1138_1318,0.8935618452175291
2019_1138_1326,0.6500710465403288
2019_1138_1328,0.5375216519859927
2019_1138_1330,0.9071929269539356
2019_1138_1332,0.789825448797523
2019_1138_1341,0.9637719413340499
2019_1138_1345,0.44508839432011593
2019_1138_1371,0.7601414237934719
2019_1138_1385,0.8516316949722846
2019_1138_1387,0.9173639453136199
2019_1138_1388,0.5873484275710019
2019_1138_1393,0.603010525667101
2019_1138_1396,0.815287938827876
2019_1138_1397,0.28891615225892864
2019_1138_1403,0.3141541143715483
2019_1138_1414,0.7470545868044209
2019_1138_1416,0.6930534926526153
2019_1138_1429,0.6570527989987422
2019_1138_1433,0.7728871356067017
2019_1138_1436,0.8501117387703022
2019_1138_1437,0.4310851456736042
2019_1138_1438,0.11833771235417467
2019_1138_1439,0.5183459091545639
2019_1138_1449,0.6515988568483371
2019_1138_1458,0.48375672056516594
2019_1138_1459,0.14962407056143065
2019_1138_1463,0.8343242438415387
2019_1153_1159,0.916219836445579
2019_1153_1181,0.17497676578948762
2019_1153_1192,0.9683968794589517
2019_1153_1196,0.5017317597581626
2019_1153_1199,0.34968602528867043
2019_1153_1205,0.9319679813142829
2019_1153_1209,0.7682867276443406
2019_1153_1211,0.10479097738199217
2019_1153_1222,0.4565742938017683
2019_1153_1233,0.9652610726776543
2019_1153_1234,0.16862203564267866
2019_1153_1235,0.735802970217827
2019_1153_1242,0.2767760826600889
2019_1153_1243,0.43837382294942584
2019_1153_1246,0.20208436482008785
2019_1153_1251,0.8138854969042486
2019_1153_1257,0.25844347549835944
2019_1153_1261,0.556744060049958
2019_1153_1266,0.8819308826985943
2019_1153_1268,0.6593495217188698
2019_1153_1276,0.18129600170574667
2019_1153_1277,0.1444273715052734
2019_1153_1278,0.15381681122868088
2019_1153_1279,0.6730399239876699
2019_1153_1280,0.7970145204751989
2019_1153_1285,0.9137485475012559
2019_1153_1293,0.57438623752437
2019_1153_1295,0.9513289212733871
2019_1153_1297,0.9161448383312614
2019_1153_1300,0.9842404220763518
2019_1153_1305,0.1970061319163588
2019_1153_1308,0.37716648726313984
2019_1153_1314,0.19159316984948072
2019_1153_1318,0.8451070914384619
2019_1153_1326,0.44875508150808846
2019_1153_1328,0.3550531091996386
2019_1153_1330,0.8632218184704
2019_1153_1332,0.7094585157026322
2019_1153_1341,0.9544047512335279
2019_1153_1345,0.3171072879760186
2019_1153_1371,0.6472300631262535
2019_1153_1385,0.7875023337728657
2019_1153_1387,0.8775613850673757
2019_1153_1388,0.4355028530046848
2019_1153_1393,0.3996248264640531
2019_1153_1396,0.7415079825749338
2019_1153_1397,0.2390378493963221
2019_1153_1403,0.2609485558369319
2019_1153_1414,0.634399333979181
2019_1153_1416,0.5503252898052112
2019_1153_1429,0.5094336963564627
2019_1153_1433,0.6042450533646829
2019_1153_1436,0.7866006942790004
2019_1153_1437,0.6945469826020051
2019_1153_1438,0.09395849512806465
2019_1153_1439,0.364179992561781
2019_1153_1449,0.46060399315118217
2019_1153_1458,0.34901235829548616
2019_1153_1459,0.07564298112295938
2019_1153_1463,0.7659652969800923
2019_1159_1181,0.06614237895827435
2019_1159_1192,0.9267378410392285
2019_1159_1196,0.06619610014470079
2019_1159_1199,0.07998090725674967
2019_1159_1205,0.5813601834005373
2019_1159_1209,0.2414916302543102
2019_1159_1211,0.03823985048481093
2019_1159_1222,0.066557548289917
2019_1159_1233,0.9166375466351413
2019_1159_1234,0.06569772735814638
2019_1159_1235,0.08933510182386373
2019_1159_1242,0.07541921291019726
2019_1159_1243,0.07594599175994665
2019_1159_1246,0.07815590268311912
2019_1159_1251,0.19083062250635896
2019_1159_1257,0.06776027309523203
2019_1159_1261,0.07884137809652292
2019_1159_1266,0.12529403467864375
2019_1159_1268,0.07377764436357315
2019_1159_1276,0.05595070873309871
2019_1159_1277,0.06082410546836636
2019_1159_1278,0.07225902242878424
2019_1159_1279,0.10863645675001388
2019_1159_1280,0.08052521785738076
2019_1159_1285,0.26573296329150464
2019_1159_1293,0.09779175265481521
2019_1159_1295,0.8265889942071012
2019_1159_1297,0.5416224618411173
2019_1159_1300,0.9690017076996221
2019_1159_1305,0.06921326848657039
2019_1159_1308,0.08226517057352967
2019_1159_1314,0.07578142706340962
2019_1159_1318,0.24571932660918772
2019_1159_1326,0.05628377567359011
2019_1159_1328,0.07712473578408896
2019_1159_1330,0.45035766248267295
2019_1159_1332,0.07920302252974587
2019_1159_1341,0.7937114219524977
2019_1159_1345,0.061923006028600125
2019_1159_1371,0.12081341897199349
2019_1159_1385,0.18060531262005186
2019_1159_1387,0.4543955089391648
2019_1159_1388,0.07532683324645673
2019_1159_1393,0.07343482434824755
2019_1159_1396,0.16593035946681545
2019_1159_1397,0.0692166547568035
2019_1159_1403,0.060431124234952005
2019_1159_1414,0.1450594074004723
2019_1159_1416,0.10029405793091195
2019_1159_1429,0.09810766301473728
2019_1159_1433,0.09790512352198322
2019_1159_1436,0.21948083274909247
2019_1159_1437,0.0707657247843857
2019_1159_1438,0.04825899929373545
2019_1159_1439,0.0635301722209558
2019_1159_1449,0.08790672017119117
2019_1159_1458,0.05624063641871224
2019_1159_1459,0.04889028580196908
2019_1159_1463,0.17651703012350184
2019_1181_1192,0.9713739849231989
2019_1181_1196,0.8581434978992853
2019_1181_1199,0.6560817326104302
2019_1181_1205,0.9449728358237084
2019_1181_1209,0.8853865260589803
2019_1181_1211,0.3600954114293827
2019_1181_1222,0.7687900788319199
2019_1181_1233,0.969567393791038
2019_1181_1234,0.797935188536106
2019_1181_1235,0.8307553370563268
2019_1181_1242,0.6649904654708706
2019_1181_1243,0.7810899151284761
2019_1181_1246,0.4611822015022868
2019_1181_1251,0.8978285256098565
2019_1181_1257,0.8190782904975716
2019_1181_1261,0.7706530339732951
2019_1181_1266,0.8450407475456158
2019_1181_1268,0.8289570277685828
2019_1181_1276,0.5407723788757227
2019_1181_1277,0.3848758237254204
2019_1181_1278,0.770803297706007
2019_1181_1279,0.8879239079687371
2019_1181_1280,0.8607179556150315
2019_1181_1285,0.9277561352469108
2019_1181_1293,0.8474242826508569
2019_1181_1295,0.9591612426487658
2019_1181_1297,0.92735546037377
2019_1181_1300,0.9847857189253716
2019_1181_1305,0.8397638486923504
2019_1181_1308,0.814980232483621
2019_1181_1314,0.3900583292915578
2019_1181_1318,0.9098399016452697
2019_1181_1326,0.8817519840794732
2019_1181_1328,0.8399773816327855
2019_1181_1330,0.9069164260478364
2019_1181_1332,0.8787036732403655
2019_1181_1341,0.9541410539526769
2019_1181_1345,0.716702002980557
2019_1181_1371,0.867564229708761
2019_1181_1385,0.8972486125611027
2019_1181_1387,0.9167509205129079
2019_1181_1388,0.8514248046113645
2019_1181_1393,0.8597561706353168
2019_1181_1396,0.8763262322787831
2019_1181_1397,0.5744551348448744
2019_1181_1403,0.655188988472749
2019_1181_1414,0.8592774278906304
2019_1181_1416,0.8608884166777082
2019_1181_1429,0.8524091857589128
2019_1181_1433,0.9017049709917413
2019_1181_1436,0.8835617037134891
2019_1181_1437,0.8375622920745016
2019_1181_1438,0.23677860950076599
2019_1181_1439,0.7525653866644565
2019_1181_1449,0.879600734067925
2019_1181_1458,0.8085570373703957
2019_1181_1459,0.7614622820735717
2019_1181_1463,0.8908479419806535
2019_1192_1196,0.02497118336670312
2019_1192_1199,0.034608381134666244
2019_1192_1205,0.09252573096198774
2019_1192_1209,0.04504158382742651
2019_1192_1211,0.01633133477205939
2019_1192_1222,0.028227838154451623
2019_1192_1233,0.41136136332165973
2019_1192_1234,0.024499455149745164
2019_1192_1235,0.036983963182981805
2019_1192_1242,0.03282593148819357
2019_1192_1243,0.030052436402337346
2019_1192_1246,0.03407402463406983
2019_1192_1251,0.040209764508366774
2019_1192_1257,0.026835329934975838
2019_1192_1261,0.0329720205361157
2019_1192_1266,0.04890683543691188
2019_1192_1268,0.027309243451562715
2019_1192_1276,0.024066148250975528
2019_1192_1277,0.02623953974153026
2019_1192_1278,0.027230696746274763
2019_1192_1279,0.041464067024770124
2019_1192_1280,0.030116967325300226
2019_1192_1285,0.07164346992237758
2019_1192_1293,0.029936760476636293
2019_1192_1295,0.2513892778031501
2019_1192_1297,0.05546238138324888
2019_1192_1300,0.8864800607979813
2019_1192_1305,0.026620315384805582
2019_1192_1308,0.02828985236572834
2019_1192_1314,0.03299088302112141
2019_1192_1318,0.0445263185835405
2019_1192_1326,0.02153792173202307
2019_1192_1328,0.028852669701903033
2019_1192_1330,0.05699739046813179
2019_1192_1332,0.02816847022042246
2019_1192_1341,0.16893816882499899
2019_1192_1345,0.023810120451457473
2019_1192_1371,0.040276235992901754
2019_1192_1385,0.04097239936046859
2019_1192_1387,0.056372325453143524
2019_1192_1388,0.02898916376729721
2019_1192_1393,0.027949023245250282
2019_1192_1396,0.042863892459288566
2019_1192_1397,0.03001258382376193
2019_1192_1403,0.025239114099631088
2019_1192_1414,0.036570392339325575
2019_1192_1416,0.03586181740964978
2019_1192_1429,0.03570169070423357
2019_1192_1433,0.0339209475558484
2019_1192_1436,0.04336871572031231
2019_1192_1437,0.026374884465401927
2019_1192_1438,0.023778136401738537
2019_1192_1439,0.02466232439788385
2019_1192_1449,0.03214437012255189
2019_1192_1458,0.02257973196130514
2019_1192_1459,0.02197303512145732
2019_1192_1463,0.03693947634856687
2019_1196_1199,0.238563688970567
2019_1196_1205,0.9459045662339872
2019_1196_1209,0.8224620948005529
2019_1196_1211,0.07046589437025363
2019_1196_1222,0.25115071126804733
2019_1196_1233,0.9732021204298131
2019_1196_1234,0.3086515870512104
2019_1196_1235,0.38768367242885005
2019_1196_1242,0.20170146367000086
2019_1196_1243,0.27255461299260464
2019_1196_1246,0.17978747407328333
2019_1196_1251,0.8471046779655289
2019_1196_1257,0.2892328030330915
2019_1196_1261,0.3139458997465824
2019_1196_1266,0.6874710020384167
2019_1196_1268,0.36988838525159473
2019_1196_1276,0.1369891884921356
2019_1196_1277,0.12977852407441925
2019_1196_1278,0.2635492209671876
2019_1196_1279,0.7859310530475834
2019_1196_1280,0.49970906318483266
2019_1196_1285,0.9284540183214075
2019_1196_1293,0.6120840530191053
2019_1196_1295,0.961729625464483
2019_1196_1297,0.9258289976517825
2019_1196_1300,0.9865220536787033
2019_1196_1305,0.3975165577927918
2019_1196_1308,0.41987308635550236
2019_1196_1314,0.17073567900453313
2019_1196_1318,0.8892798658429456
2019_1196_1326,0.47134057845285926
2019_1196_1328,0.5199944409144277
2019_1196_1330,0.8854775037275008
2019_1196_1332,0.7215251470485692
2019_1196_1341,0.9574832306020923
2019_1196_1345,0.20618396510592596
2019_1196_1371,0.7392554394263028
2019_1196_1385,0.7992315542566552
2019_1196_1387,0.8922730611156455
2019_1196_1388,0.5977069061645444
2019_1196_1393,0.41323317206848365
2019_1196_1396,0.7742713858823965
2019_1196_1397,0.15986202407533745
2019_1196_1403,0.17065335899299172
2019_1196_1414,0.6585980619013868
2019_1196_1416,0.7430832602266249
2019_1196_1429,0.7482564095479338
2019_1196_1433,0.7800220457145483
2019_1196_1436,0.8119816247324181
2019_1196_1437,0.4081475400209682
2019_1196_1438,0.06401714027202177
2019_1196_1439,0.22489369231270817
2019_1196_1449,0.6687770040117429
2019_1196_1458,0.20592512538349994
2019_1196_1459,0.2278434623641158
2019_1196_1463,0.8300961004421151
2019_1199_1205,0.9342643437182289
2019_1199_1209,0.8520296462929849
2019_1199_1211,0.3133390816044228
2019_1199_1222,0.9175602226253603
2019_1199_1233,0.9629323792615567
2019_1199_1234,0.6065437578707105
2019_1199_1235,0.7162266289020282
2019_1199_1242,0.22920397356120584
2019_1199_1243,0.4378006642468388
2019_1199_1246,0.41361515002115634
2019_1199_1251,0.8753753646002784
2019_1199_1257,0.6547225203230125
2019_1199_1261,0.8721824181846827
2019_1199_1266,0.7617874008503096
2019_1199_1268,0.6536015302157521
2019_1199_1276,0.354629374756553
2019_1199_1277,0.30724265546882756
2019_1199_1278,0.5797933725569864
2019_1199_1279,0.8353965234612741
2019_1199_1280,0.7236777657399058
2019_1199_1285,0.9120835109013865
2019_1199_1293,0.7866334577212325
2019_1199_1295,0.9514389971075646
2019_1199_1297,0.9103204311805403
2019_1199_1300,0.9812351070767854
2019_1199_1305,0.639684595713759
2019_1199_1308,0.7128037022361974
2019_1199_1314,0.3985263844991689
2019_1199_1318,0.8836802041264137
2019_1199_1326,0.7541916237365702
2019_1199_1328,0.7174490471191441
2019_1199_1330,0.8964313681743253
2019_1199_1332,0.8294546818191179
2019_1199_1341,0.944982484240002
2019_1199_1345,0.7581842757937538
2019_1199_1371,0.8093993331464953
2019_1199_1385,0.8774879513082111
2019_1199_1387,0.9074350990779999
2019_1199_1388,0.7527945272418292
2019_1199_1393,0.7325763666807202
2019_1199_1396,0.849365524490617
2019_1199_1397,0.5112291014673086
2019_1199_1403,0.7078087948181214
2019_1199_1414,0.7990037638913987
2019_1199_1416,0.7881196748345269
2019_1199_1429,0.7802447081934849
2019_1199_1433,0.8093245872177705
2019_1199_1436,0.8641099402760097
2019_1199_1437,0.6749621471673579
2019_1199_1438,0.2744204931265345
2019_1199_1439,0.38366217751728937
2019_1199_1449,0.7572028900639441
2019_1199_1458,0.504451214425305
2019_1199_1459,0.4311820158040373
2019_1199_1463,0.8529595734561238
2019_1205_1209,0.1497498733522422
2019_1205_1211,0.03176416025941342
2019_1205_1222,0.05463274702132803
2019_1205_1233,0.8486624338487138
2019_1205_1234,0.053151356717712095
2019_1205_1235,0.07189509305430586
2019_1205_1242,0.0628499487863573
2019_1205_1243,0.060052724653114176
2019_1205_1246,0.06516269010528375
2019_1205_1251,0.11540653629761743
2019_1205_1257,0.05428105406010264
2019_1205_1261,0.06272315263564276
2019_1205_1266,0.1001934180084546
2019_1205_1268,0.05854400125093817
2019_1205_1276,0.04646298849277941
2019_1205_1277,0.0505542433757602
2019_1205_1278,0.057924866923888096
2019_1205_1279,0.08768990624688877
2019_1205_1280,0.06478267761174039
2019_1205_1285,0.40197479582420725
2019_1205_1293,0.06183695856764215
2019_1205_1295,0.6735081788765415
2019_1205_1297,0.28414459520461
2019_1205_1300,0.9603839455239638
2019_1205_1305,0.05603579687253457
2019_1205_1308,0.058541033385511754
2019_1205_1314,0.06315592028473893
2019_1205_1318,0.15269480390366275
2019_1205_1326,0.04545837530981156
2019_1205_1328,0.06254221464132292
2019_1205_1330,0.24006057497493982
2019_1205_1332,0.05829764088879674
2019_1205_1341,0.5826819475181307
2019_1205_1345,0.04903923348672501
2019_1205_1371,0.08256748310851669
2019_1205_1385,0.10867987770969256
2019_1205_1387,0.23794707369660195
2019_1205_1388,0.0599420099838508
2019_1205_1393,0.05855895783173415
2019_1205_1396,0.09967634438257345
2019_1205_1397,0.05761668335762482
2019_1205_1403,0.04836168250234241
2019_1205_1414,0.08669463063589511
2019_1205_1416,0.0740223955063557
2019_1205_1429,0.07405908625425439
2019_1205_1433,0.06976132893347764
2019_1205_1436,0.1346168741594398
2019_1205_1437,0.05664961175300687
2019_1205_1438,0.04114729948287554
2019_1205_1439,0.050563168842932105
2019_1205_1449,0.066236343742613
2019_1205_1458,0.04494248881015395
2019_1205_1459,0.04082372599613093
2019_1205_1463,0.10600909845561901
2019_1209_1211,0.05693789171893182
2019_1209_1222,0.13716734707672962
2019_1209_1233,0.9502029330815495
2019_1209_1234,0.18460447680871417
2019_1209_1235,0.20125323945273077
2019_1209_1242,0.13346123900911533
2019_1209_1243,0.14654092680667619
2019_1209_1246,0.13416602459868543
2019_1209_1251,0.795188806994602
2019_1209_1257,0.138273538217622
2019_1209_1261,0.1594872776377244
2019_1209_1266,0.3575363275918637
2019_1209_1268,0.1895558346089914
2019_1209_1276,0.10205710303806004
2019_1209_1277,0.10583952580242051
2019_1209_1278,0.1848588711606456
2019_1209_1279,0.43484971440960174
2019_1209_1280,0.22259325974965138
2019_1209_1285,0.6820839374108304
2019_1209_1293,0.46367623782461376
2019_1209_1295,0.9264578278144904
2019_1209_1297,0.7027990668188144
2019_1209_1300,0.9777662712398878
2019_1209_1305,0.19222122746096715
2019_1209_1308,0.32294183274011845
2019_1209_1314,0.13033047109859608
2019_1209_1318,0.8281969222392636
2019_1209_1326,0.1801870754918964
2019_1209_1328,0.23916988245695403
2019_1209_1330,0.6196894830152392
2019_1209_1332,0.3779195145579891
2019_1209_1341,0.9196026453453441
2019_1209_1345,0.11704000928201164
2019_1209_1371,0.5133632692239749
2019_1209_1385,0.7602594926183696
2019_1209_1387,0.9045053898358208
2019_1209_1388,0.302495183776915
2019_1209_1393,0.1940844051985695
2019_1209_1396,0.6985973559822629
2019_1209_1397,0.1166816419340716
2019_1209_1403,0.09952040000149531
2019_1209_1414,0.5515594622000566
2019_1209_1416,0.4060675315461615
2019_1209_1429,0.42104132009788153
2019_1209_1433,0.4584986401410662
2019_1209_1436,0.7876834215479588
2019_1209_1437,0.19128654723530114
2019_1209_1438,0.07029428256475734
2019_1209_1439,0.11606105969234892
2019_1209_1449,0.308821684524452
2019_1209_1458,0.10900250107930254
2019_1209_1459,0.12268211941289742
2019_1209_1463,0.19217605163372858
2019_1211_1222,0.8126264783985976
2019_1211_1233,0.9826241132030791
2019_1211_1234,0.8736997216622809
2019_1211_1235,0.8961297828221159
2019_1211_1242,0.6553297416594499
2019_1211_1243,0.8318063775051477
2019_1211_1246,0.295322339709608
2019_1211_1251,0.953632008001727
2019_1211_1257,0.9011565073756472
2019_1211_1261,0.8360979235300278
2019_1211_1266,0.9043759670344685
2019_1211_1268,0.8995663427373607
2019_1211_1276,0.31477290916597306
2019_1211_1277,0.18508560810969052
2019_1211_1278,0.8699226166198306
2019_1211_1279,0.9321988588820372
2019_1211_1280,0.9258395417395509
2019_1211_1285,0.9597914306276187
2019_1211_1293,0.9342056059394176
2019_1211_1295,0.9765747199494093
2019_1211_1297,0.9624933373722293
2019_1211_1300,0.9919258732078576
2019_1211_1305,0.8908088987112347
2019_1211_1308,0.9193455412998056
2019_1211_1314,0.20305424110219306
2019_1211_1318,0.9532046942282764
2019_1211_1326,0.9338770340510038
2019_1211_1328,0.9210144334289936
2019_1211_1330,0.9609528907563236
2019_1211_1332,0.948635443982203
2019_1211_1341,0.9778083793854023
2019_1211_1345,0.7638838180293378
2019_1211_1371,0.9361676898851375
2019_1211_1385,0.957138318582693
2019_1211_1387,0.9666137289185095
2019_1211_1388,0.9199527442790001
2019_1211_1393,0.9264107484078058
2019_1211_1396,0.9457260480877652
2019_1211_1397,0.3884281395254625
2019_1211_1403,0.6687079692938963
2019_1211_1414,0.9388956052002992
2019_1211_1416,0.9412204508003889
2019_1211_1429,0.9393789520928244
2019_1211_1433,0.9512212027266035
2019_1211_1436,0.9497017784549562
2019_1211_1437,0.9050931996198058
2019_1211_1438,0.038389637548808364
2019_1211_1439,0.8119668576934712
2019_1211_1449,0.9347459028518446
2019_1211_1458,0.853097999883141
2019_1211_1459,0.8257850117960429
2019_1211_1463,0.9413142036387077
2019_1222_1233,0.972183960600212
2019_1222_1234,0.44875823901482065
2019_1222_1235,0.5291871843626547
2019_1222_1242,0.06864907538585593
2019_1222_1243,0.25229665391012074
2019_1222_1246,0.3158114936414198
2019_1222_1251,0.8904653041317842
2019_1222_1257,0.5807605605595768
2019_1222_1261,0.28202550688161204
2019_1222_1266,0.6058238330730444
2019_1222_1268,0.5329248001525324
2019_1222_1276,0.293492935356777
2019_1222_1277,0.2376430368400697
2019_1222_1278,0.4218367425105438
2019_1222_1279,0.816539741581798
2019_1222_1280,0.6780868274183888
2019_1222_1285,0.9316385019984929
2019_1222_1293,0.7719899126092264
2019_1222_1295,0.9620178507411851
2019_1222_1297,0.9361660584376988
2019_1222_1300,0.9871319213292037
2019_1222_1305,0.49615592160493105
2019_1222_1308,0.6931749103955182
2019_1222_1314,0.29482657546880675
2019_1222_1318,0.9101228551570725
2019_1222_1326,0.6858169964480094
2019_1222_1328,0.6884397387797057
2019_1222_1330,0.9193628491839722
2019_1222_1332,0.8196915503129198
2019_1222_1341,0.9644374792692985
2019_1222_1345,0.14473729070680874
2019_1222_1371,0.8050522225071078
2019_1222_1385,0.870043738709884
2019_1222_1387,0.9283055315938428
2019_1222_1388,0.7204716889260907
2019_1222_1393,0.7190285240767407
2019_1222_1396,0.8437261533560213
2019_1222_1397,0.3656453647173852
2019_1222_1403,0.09415908704070695
2019_1222_1414,0.7879430883068085
2019_1222_1416,0.7722910345719313
2019_1222_1429,0.7594874315613813
2019_1222_1433,0.7985959140055401
2019_1222_1436,0.8695239176155872
2019_1222_1437,0.5870857205699886
2019_1222_1438,0.15994083347280585
2019_1222_1439,0.21363008051762686
2019_1222_1449,0.7406824945452254
2019_1222_1458,0.3060816072286613
2019_1222_1459,0.2472490837755019
2019_1222_1463,0.8671545960756613
2019_1233_1234,0.026852848734000068
2019_1233_1235,0.039296686681941306
2019_1233_1242,0.03488805998507638
2019_1233_1243,0.03219873253045924
2019_1233_1246,0.03621162292791946
2019_1233_1251,0.044478865694190906
2019_1233_1257,0.028532230180264073
2019_1233_1261,0.035319235953701233
2019_1233_1266,0.052327037944791766
2019_1233_1268,0.029265536385781776
2019_1233_1276,0.025592547561185564
2019_1233_1277,0.027899845986557814
2019_1233_1278,0.029181531805907435
2019_1233_1279,0.045144123834559235
2019_1233_1280,0.0322677188273246
2019_1233_1285,0.0815402386975348
2019_1233_1293,0.03315284347759473
2019_1233_1295,0.28195469968641595
2019_1233_1297,0.06284561517598752
2019_1233_1300,0.9126301920165486
2019_1233_1305,0.028879156795485694
2019_1233_1308,0.03133472432192996
2019_1233_1314,0.03506299812692604
2019_1233_1318,0.0492302045770352
2019_1233_1326,0.023699454687995614
2019_1233_1328,0.0317245046766107
2019_1233_1330,0.06293198033632752
2019_1233_1332,0.031200697154665225
2019_1233_1341,0.19205050244692826
2019_1233_1345,0.02552233133162496
2019_1233_1371,0.044233320252302866
2019_1233_1385,0.04531864690942056
2019_1233_1387,0.06224612927695439
2019_1233_1388,0.03210681651460634
2019_1233_1393,0.029949735545183764
2019_1233_1396,0.04740086770690277
2019_1233_1397,0.03190380740640464
2019_1233_1403,0.027051237821764662
2019_1233_1414,0.040469390897399427
2019_1233_1416,0.03940299785281387
2019_1233_1429,0.03915332043802189
2019_1233_1433,0.03738595506395159
2019_1233_1436,0.047956447293253324
2019_1233_1437,0.028266189803791697
2019_1233_1438,0.022459796944958144
2019_1233_1439,0.02635544016893132
2019_1233_1449,0.035516433324079055
2019_1233_1458,0.02401417487353552
2019_1233_1459,0.021290131615607777
2019_1233_1463,0.04087615571699188
2019_1234_1235,0.6641296928277114
2019_1234_1242,0.32434216305242647
2019_1234_1243,0.5258579443767373
2019_1234_1246,0.2907496467242
2019_1234_1251,0.8506122208538801
2019_1234_1257,0.5262270591170386
2019_1234_1261,0.533587784341888
2019_1234_1266,0.8638505436634487
2019_1234_1268,0.6796678251411592
2019_1234_1276,0.21503088224462286
2019_1234_1277,0.215086344691663
2019_1234_1278,0.27552290849815014
2019_1234_1279,0.9191895023506469
2019_1234_1280,0.7749385514702768
2019_1234_1285,0.9289896060429796
2019_1234_1293,0.6769347570025733
2019_1234_1295,0.962217223784972
2019_1234_1297,0.9263826779678539
2019_1234_1300,0.986779608155617
2019_1234_1305,0.7683295413239577
2019_1234_1308,0.522337127900792
2019_1234_1314,0.2739420139170051
2019_1234_1318,0.8887653264258355
2019_1234_1326,0.6071139850482525
2019_1234_1328,0.7962429056132158
2019_1234_1330,0.8940119854704617
2019_1234_1332,0.7607698501240564
2019_1234_1341,0.9573974295331344
2019_1234_1345,0.35727162746697894
2019_1234_1371,0.7382489180095115
2019_1234_1385,0.8297634675774389
2019_1234_1387,0.9054770338323068
2019_1234_1388,0.6122411202276768
2019_1234_1393,0.7082621185758721
2019_1234_1396,0.7888111859558957
2019_1234_1397,0.2933042604153171
2019_1234_1403,0.3166039242559925
2019_1234_1414,0.7142255170080896
2019_1234_1416,0.9313350748375289
2019_1234_1429,0.9271524738468018
2019_1234_1433,0.9329968045664386
2019_1234_1436,0.8275709420985348
2019_1234_1437,0.7075558323144211
2019_1234_1438,0.1329592194034358
2019_1234_1439,0.46614354464380525
2019_1234_1449,0.9092911719234305
2019_1234_1458,0.33698494872402673
2019_1234_1459,0.5355029316693072
2019_1234_1463,0.8293592980817088
2019_1235_1242,0.2269951767561993
2019_1235_1243,0.34588724009379934
2019_1235_1246,0.2144510102263234
2019_1235_1251,0.8261766752856673
2019_1235_1257,0.3964377777216166
2019_1235_1261,0.35294083767775586
2019_1235_1266,0.8082386273897902
2019_1235_1268,0.2871872955647022
2019_1235_1276,0.14458074459880488
2019_1235_1277,0.14720285690096446
2019_1235_1278,0.3033909449120045
2019_1235_1279,0.7586193566674213
2019_1235_1280,0.621452802579278
2019_1235_1285,0.90276809636364
2019_1235_1293,0.6280436726626415
2019_1235_1295,0.9474305099140824
2019_1235_1297,0.8991281135417296
2019_1235_1300,0.9801061463033057
2019_1235_1305,0.23911073151328383
2019_1235_1308,0.45147946264639455
2019_1235_1314,0.2052652166198542
2019_1235_1318,0.8708364645747672
2019_1235_1326,0.5392308419636582
2019_1235_1328,0.4627333503444589
2019_1235_1330,0.8561018582314018
2019_1235_1332,0.6897044516100739
2019_1235_1341,0.9410569130014365
2019_1235_1345,0.2506776016069151
2019_1235_1371,0.7086426300895408
2019_1235_1385,0.7735028434243005
2019_1235_1387,0.8686318002115999
2019_1235_1388,0.6249936295130486
2019_1235_1393,0.4888847957418727
2019_1235_1396,0.7490565500803171
2019_1235_1397,0.20227701717958158
2019_1235_1403,0.2286002187763504
2019_1235_1414,0.645926122340106
2019_1235_1416,0.6174878488137844
2019_1235_1429,0.5825008071735728
2019_1235_1433,0.6628330651276855
2019_1235_1436,0.7874523211914503
2019_1235_1437,0.2943465590053279
2019_1235_1438,0.13563325304538243
2019_1235_1439,0.29651977355219095
2019_1235_1449,0.5049201661776513
2019_1235_1458,0.23249059809192962
2019_1235_1459,0.09851924201676236
2019_1235_1463,0.8073694051479301
2019_1242_1243,0.593171655043023
2019_1242_1246,0.4063387304587547
2019_1242_1251,0.8857829921237096
2019_1242_1257,0.7252136856190956
2019_1242_1261,0.8926761351820979
2019_1242_1266,0.8031276789826729
2019_1242_1268,0.7278663906848053
2019_1242_1276,0.36488150051829105
2019_1242_1277,0.3094334607145992
2019_1242_1278,0.6592403739868575
2019_1242_1279,0.8655336147975589
2019_1242_1280,0.7877916774871334
2019_1242_1285,0.9176989531268596
2019_1242_1293,0.8186308209698573
2019_1242_1295,0.953255737477685
2019_1242_1297,0.9164990525384037
2019_1242_1300,0.9825181154742422
2019_1242_1305,0.7139100822905848
2019_1242_1308,0.7670541958547216
2019_1242_1314,0.39402327435613205
2019_1242_1318,0.8975639579118541
2019_1242_1326,0.8118648919809134
2019_1242_1328,0.7810218338411159
2019_1242_1330,0.9029507582889699
2019_1242_1332,0.866029149847599
2019_1242_1341,0.9475492999460425
2019_1242_1345,0.7926097690595796
2019_1242_1371,0.8423519049204369
2019_1242_1385,0.8876395249030916
2019_1242_1387,0.9131641178161101
2019_1242_1388,0.8024192109903835
2019_1242_1393,0.7938416159897814
2019_1242_1396,0.8651811344388379
2019_1242_1397,0.5471661438524735
2019_1242_1403,0.7470128913234175
2019_1242_1414,0.8346980914471964
2019_1242_1416,0.83860252149762
2019_1242_1429,0.8313275509663952
2019_1242_1433,0.8564203523829959
2019_1242_1436,0.8759356936859002
2019_1242_1437,0.7447039805258858
2019_1242_1438,0.2861155238099111
2019_1242_1439,0.5373636201283719
2019_1242_1449,0.8141805131274579
2019_1242_1458,0.6312812563724506
2019_1242_1459,0.5828910872046481
2019_1242_1463,0.8744128893547846
2019_1243_1246,0.29519059161448347
2019_1243_1251,0.8827233894703319
2019_1243_1257,0.5723429083508654
2019_1243_1261,0.8127337686431408
2019_1243_1266,0.7053106897074407
2019_1243_1268,0.5475830172628947
2019_1243_1276,0.2807219589543565
2019_1243_1277,0.22030361483405891
2019_1243_1278,0.42417000330360466
2019_1243_1279,0.8169460826182342
2019_1243_1280,0.6705146710555486
2019_1243_1285,0.9172082844776946
2019_1243_1293,0.7515321565342701
2019_1243_1295,0.9578269945212912
2019_1243_1297,0.9144698550034474
2019_1243_1300,0.9837404982722502
2019_1243_1305,0.5145574481851698
2019_1243_1308,0.6688262480526768
2019_1243_1314,0.2750250962018893
2019_1243_1318,0.8887938310201953
2019_1243_1326,0.7264497451245916
2019_1243_1328,0.6681397485310054
2019_1243_1330,0.9086280160496314
2019_1243_1332,0.8080257822795539
2019_1243_1341,0.9538568810195143
2019_1243_1345,0.5901535053391782
2019_1243_1371,0.7867414491612166
2019_1243_1385,0.861083603421919
2019_1243_1387,0.920240038357271
2019_1243_1388,0.7029668061028536
2019_1243_1393,0.697027633887265
2019_1243_1396,0.8332991555318165
2019_1243_1397,0.34918708258081665
2019_1243_1403,0.45018342147400914
2019_1243_1414,0.7746757219011521
2019_1243_1416,0.751851611544458
2019_1243_1429,0.7382882022891465
2019_1243_1433,0.7860397702410334
2019_1243_1436,0.8605336871839853
2019_1243_1437,0.6024438386291683
2019_1243_1438,0.1472544905933828
2019_1243_1439,0.22168641952642373
2019_1243_1449,0.7296790513422081
2019_1243_1458,0.3219380027375575
2019_1243_1459,0.26028858447207415
2019_1243_1463,0.8561499760155199
2019_1246_1251,0.8835240758993184
2019_1246_1257,0.7608824577305813
2019_1246_1261,0.6950733760272604
2019_1246_1266,0.8006147268373938
2019_1246_1268,0.7891037252872596
2019_1246_1276,0.36362956664256096
2019_1246_1277,0.3268317686447864
2019_1246_1278,0.6879623523069971
2019_1246_1279,0.8687980717606022
2019_1246_1280,0.8253285738086388
2019_1246_1285,0.9147355753235794
2019_1246_1293,0.8285711003445341
2019_1246_1295,0.9515049820827756
2019_1246_1297,0.91426935958013
2019_1246_1300,0.9818424742235436
2019_1246_1305,0.7915091428960295
2019_1246_1308,0.7912609239318013
2019_1246_1314,0.6110995954452725
2019_1246_1318,0.8939593613774629
2019_1246_1326,0.8605959870841616
2019_1246_1328,0.8018897237446365
2019_1246_1330,0.8989563107159462
2019_1246_1332,0.8697256816658218
2019_1246_1341,0.9455970137865706
2019_1246_1345,0.5967581824707262
2019_1246_1371,0.8341754635738398
2019_1246_1385,0.8885633328894867
2019_1246_1387,0.9095479314477466
2019_1246_1388,0.808586544527972
2019_1246_1393,0.8260413674142473
2019_1246_1396,0.8640130466552621
2019_1246_1397,0.44089698092200075
2019_1246_1403,0.5586625187983238
2019_1246_1414,0.8395178503709282
2019_1246_1416,0.8419049205403312
2019_1246_1429,0.8336429265429559
2019_1246_1433,0.8896811855036931
2019_1246_1436,0.8737113998508035
2019_1246_1437,0.8096265843998365
2019_1246_1438,0.38987315521108235
2019_1246_1439,0.6818539056493103
2019_1246_1449,0.8694564654434771
2019_1246_1458,0.7334699442460322
2019_1246_1459,0.7017212517425838
2019_1246_1463,0.8720924874372095
2019_1251_1257,0.11911654190243104
2019_1251_1261,0.1351286301587875
2019_1251_1266,0.296740360769834
2019_1251_1268,0.15785216504829747
2019_1251_1276,0.08821133493504685
2019_1251_1277,0.08957529973506051
2019_1251_1278,0.15379170691010746
2019_1251_1279,0.3576981099317703
2019_1251_1280,0.19289570649439847
2019_1251_1285,0.7686640935304019
2019_1251_1293,0.05919975676165832
2019_1251_1295,0.9402855502169482
2019_1251_1297,0.7563965820484576
2019_1251_1300,0.9788218636194934
2019_1251_1305,0.15284794564672144
2019_1251_1308,0.049411340191934834
2019_1251_1314,0.11226833237293732
2019_1251_1318,0.41878421604834887
2019_1251_1326,0.15173931747411418
2019_1251_1328,0.2012285055445806
2019_1251_1330,0.5184721315125096
2019_1251_1332,0.21131511726145732
2019_1251_1341,0.9323077082835003
2019_1251_1345,0.0985099743298875
2019_1251_1371,0.4329074685061062
2019_1251_1385,0.6746575870310865
2019_1251_1387,0.5547893042388526
2019_1251_1388,0.23755570570776363
2019_1251_1393,0.16360047100262987
2019_1251_1396,0.6177347071953894
2019_1251_1397,0.09791609143955649
2019_1251_1403,0.08414070666187234
2019_1251_1414,0.1082229082642929
2019_1251_1416,0.30785965684686345
2019_1251_1429,0.32117031313244193
2019_1251_1433,0.3607896451899857
2019_1251_1436,0.2196027035829723
2019_1251_1437,0.15935032688222717
2019_1251_1438,0.059755478320187905
2019_1251_1439,0.09261825067505802
2019_1251_1449,0.24122766817491648
2019_1251_1458,0.09497877796174992
2019_1251_1459,0.09763734067182583
2019_1251_1463,0.22689096426794939
2019_1257_1261,0.46930180008938693
2019_1257_1266,0.8582900498685248
2019_1257_1268,0.6212234690738965
2019_1257_1276,0.17903933854613063
2019_1257_1277,0.17195534141506552
2019_1257_1278,0.43714789472591925
2019_1257_1279,0.8302188048528965
2019_1257_1280,0.726891695085702
2019_1257_1285,0.9261175340624183
2019_1257_1293,0.7242989309504719
2019_1257_1295,0.9616330954999273
2019_1257_1297,0.9232773757789722
2019_1257_1300,0.985639704991035
2019_1257_1305,0.3147219508868438
2019_1257_1308,0.5934224378425071
2019_1257_1314,0.23101287348135846
2019_1257_1318,0.9026904018901776
2019_1257_1326,0.6582375119147281
2019_1257_1328,0.6043164206517209
2019_1257_1330,0.8911066416254542
2019_1257_1332,0.7757017893937914
2019_1257_1341,0.9569619738279764
2019_1257_1345,0.31660278664405417
2019_1257_1371,0.7909819445565582
2019_1257_1385,0.8416092425539812
2019_1257_1387,0.9003181366894621
2019_1257_1388,0.7216884133548572
2019_1257_1393,0.6291001762691193
2019_1257_1396,0.8230274716708574
2019_1257_1397,0.22609675853429534
2019_1257_1403,0.2600921289664443
2019_1257_1414,0.7394733898163001
2019_1257_1416,0.7238092769086871
2019_1257_1429,0.7112758939387256
2019_1257_1433,0.7344534652984805
2019_1257_1436,0.8521658627170399
2019_1257_1437,0.6515913565005995
2019_1257_1438,0.10198356174098455
2019_1257_1439,0.3604355030956108
2019_1257_1449,0.5984731530990022
2019_1257_1458,0.29551913409352026
2019_1257_1459,0.15432357236181085
2019_1257_1463,0.8670427593886902
2019_1261_1266,0.699879888726451
2019_1261_1268,0.42256369356896334
2019_1261_1276,0.24910948464057647
2019_1261_1277,0.2211097138390712
2019_1261_1278,0.41199476469360663
2019_1261_1279,0.8130272194100427
2019_1261_1280,0.5835691316823652
2019_1261_1285,0.9140761780274232
2019_1261_1293,0.7002544404109968
2019_1261_1295,0.9536473026757485
2019_1261_1297,0.9108177058327644
2019_1261_1300,0.9821362143696771
2019_1261_1305,0.41065649086230505
2019_1261_1308,0.6061480941926757
2019_1261_1314,0.2931998238091499
2019_1261_1318,0.8843064253152281
2019_1261_1326,0.683441826680321
2019_1261_1328,0.5972293512734888
2019_1261_1330,0.8811177791879716
2019_1261_1332,0.7692500083749402
2019_1261_1341,0.9472125689103679
2019_1261_1345,0.11497910961563208
2019_1261_1371,0.7709136351513111
2019_1261_1385,0.8363241335771833
2019_1261_1387,0.8944472450222338
2019_1261_1388,0.6975113351707576
2019_1261_1393,0.6369255931994376
2019_1261_1396,0.8028121589202374
2019_1261_1397,0.3421771436580351
2019_1261_1403,0.06536621873670308
2019_1261_1414,0.7237564725379921
2019_1261_1416,0.69973978555572
2019_1261_1429,0.6865870962759909
2019_1261_1433,0.7555052292033694
2019_1261_1436,0.8332524681852692
2019_1261_1437,0.4781365716799902
2019_1261_1438,0.1342353861607387
2019_1261_1439,0.14704629475324907
2019_1261_1449,0.6748787760011717
2019_1261_1458,0.23406835327139938
2019_1261_1459,0.17542783133971115
2019_1261_1463,0.849839277825353
2019_1266_1268,0.1137400210619631
2019_1266_1276,0.12726471214694013
2019_1266_1277,0.1374453238214366
2019_1266_1278,0.1312290041837967
2019_1266_1279,0.5432978948875201
2019_1266_1280,0.20205960012808888
2019_1266_1285,0.8640663958676342
2019_1266_1293,0.38256312391463343
2019_1266_1295,0.928810215482101
2019_1266_1297,0.8586280944848966
2019_1266_1300,0.9733013633370582
2019_1266_1305,0.099718014738723
2019_1266_1308,0.21469698196454745
2019_1266_1314,0.19045944175089036
2019_1266_1318,0.7483056656346657
2019_1266_1326,0.26875440525152744
2019_1266_1328,0.1990647354248054
2019_1266_1330,0.7807158415446843
2019_1266_1332,0.5437518736541491
2019_1266_1341,0.9230660839350324
2019_1266_1345,0.2115919702982948
2019_1266_1371,0.45721309135393506
2019_1266_1385,0.6698126844503862
2019_1266_1387,0.8017342996751827
2019_1266_1388,0.27349813635134435
2019_1266_1393,0.23107021482086218
2019_1266_1396,0.6085525813127646
2019_1266_1397,0.17218667232926577
2019_1266_1403,0.19207452222002863
2019_1266_1414,0.43927314024607217
2019_1266_1416,0.35974574148786675
2019_1266_1429,0.32284809947561266
2019_1266_1433,0.4419112901198451
2019_1266_1436,0.6664042781210227
2019_1266_1437,0.13787482822262223
2019_1266_1438,0.12222372240932533
2019_1266_1439,0.24981354051963367
2019_1266_1449,0.27824960221871536
2019_1266_1458,0.05596724055603188
2019_1266_1459,0.056107125284389624
2019_1266_1463,0.6439381779030874
2019_1268_1276,0.17543098328857964
2019_1268_1277,0.14478241239887302
2019_1268_1278,0.27419992262946374
2019_1268_1279,0.7791384001707129
2019_1268_1280,0.8103119035646917
2019_1268_1285,0.9203120322333369
2019_1268_1293,0.6614349765722319
2019_1268_1295,0.9588665875155746
2019_1268_1297,0.9174148539555073
2019_1268_1300,0.9852438231132453
2019_1268_1305,0.31137676131419284
2019_1268_1308,0.5048455818415669
2019_1268_1314,0.20066141277004446
2019_1268_1318,0.8855055302598515
2019_1268_1326,0.6007574682329869
2019_1268_1328,0.4769778952119845
2019_1268_1330,0.8903422251231539
2019_1268_1332,0.748636554913112
2019_1268_1341,0.9536921836382033
2019_1268_1345,0.3186936288258869
2019_1268_1371,0.7319086973110935
2019_1268_1385,0.8203028646416842
2019_1268_1387,0.9021607990499871
2019_1268_1388,0.6106641358649155
2019_1268_1393,0.5516391134506863
2019_1268_1396,0.7776844912425385
2019_1268_1397,0.23053592181722482
2019_1268_1403,0.2610411337561167
2019_1268_1414,0.7006604214814537
2019_1268_1416,0.6392039688988175
2019_1268_1429,0.6005278566261771
2019_1268_1433,0.7348933599034646
2019_1268_1436,0.8180152167094202
2019_1268_1437,0.37286438401689626
2019_1268_1438,0.08998396326973157
2019_1268_1439,0.3839140882246954
2019_1268_1449,0.594729446997069
2019_1268_1458,0.36840077141516137
2019_1268_1459,0.12131079502571504
2019_1268_1463,0.8247019506940905
2019_1276_1277,0.23346197002660876
2019_1276_1278,0.7674069714907508
2019_1276_1279,0.8975218499195801
2019_1276_1280,0.8645159368970857
2019_1276_1285,0.9388263777620297
2019_1276_1293,0.8718855707423228
2019_1276_1295,0.9655975914793482
2019_1276_1297,0.938150688089899
2019_1276_1300,0.9872372864845743
2019_1276_1305,0.8117669287381023
2019_1276_1308,0.8417310100234903
2019_1276_1314,0.6190777414021305
2019_1276_1318,0.9233097795576227
2019_1276_1326,0.8818307372882005
2019_1276_1328,0.8528292662058614
2019_1276_1330,0.9254970141550269
2019_1276_1332,0.8954802201861328
2019_1276_1341,0.9613367113539713
2019_1276_1345,0.6287976313689372
2019_1276_1371,0.8848383048425822
2019_1276_1385,0.9124931343783448
2019_1276_1387,0.9337674987200894
2019_1276_1388,0.8678345820765617
2019_1276_1393,0.8659910807956033
2019_1276_1396,0.8944115065295488
2019_1276_1397,0.4201518063986623
2019_1276_1403,0.500772096392891
2019_1276_1414,0.8786364443404113
2019_1276_1416,0.8808438066728359
2019_1276_1429,0.8775488759168912
2019_1276_1433,0.9115696586088523
2019_1276_1436,0.9034517759893472
2019_1276_1437,0.8344700261288934
2019_1276_1438,0.3312046828573806
2019_1276_1439,0.6910944006232743
2019_1276_1449,0.8833442676115093
2019_1276_1458,0.7505425799926525
2019_1276_1459,0.7106295934203372
2019_1276_1463,0.904422949993827
2019_1277_1278,0.7673483218242723
2019_1277_1279,0.8965735152417827
2019_1277_1280,0.8733976970262901
2019_1277_1285,0.9335300877810171
2019_1277_1293,0.878396766143081
2019_1277_1295,0.9625265843781483
2019_1277_1297,0.9331591289468678
2019_1277_1300,0.9860701273813453
2019_1277_1305,0.8489774501301737
2019_1277_1308,0.8546871870375274
2019_1277_1314,0.6614840024115227
2019_1277_1318,0.916917543418831
2019_1277_1326,0.9062018388853718
2019_1277_1328,0.8617797680596171
2019_1277_1330,0.9224766625107691
2019_1277_1332,0.8995724580168235
2019_1277_1341,0.9579019301409667
2019_1277_1345,0.7054121038194645
2019_1277_1371,0.8775137733730848
2019_1277_1385,0.9142721951466408
2019_1277_1387,0.9307926348366944
2019_1277_1388,0.8660491300117529
2019_1277_1393,0.8725809636776409
2019_1277_1396,0.8947146475591146
2019_1277_1397,0.6021748839402471
2019_1277_1403,0.6576252326941914
2019_1277_1414,0.8822115848260448
2019_1277_1416,0.8832955981000564
2019_1277_1429,0.8806464710993193
2019_1277_1433,0.9230628466010672
2019_1277_1436,0.9024705753333677
2019_1277_1437,0.8654185856533653
2019_1277_1438,0.45635094822634703
2019_1277_1439,0.7648216076186042
2019_1277_1449,0.899212876598852
2019_1277_1458,0.8029534624934466
2019_1277_1459,0.7773035246898676
2019_1277_1463,0.8992513791969364
2019_1278_1279,0.922042112823256
2019_1278_1280,0.8111625237535778
2019_1278_1285,0.9219420582021326
2019_1278_1293,0.6776458755350163
2019_1278_1295,0.9593951696586708
2019_1278_1297,0.9190989325169866
2019_1278_1300,0.9852868108883605
2019_1278_1305,0.7954599169822619
2019_1278_1308,0.5384569731263148
2019_1278_1314,0.30117725472980783
2019_1278_1318,0.8861561864094099
2019_1278_1326,0.6183528831481894
2019_1278_1328,0.8232852496329132
2019_1278_1330,0.8877242184563584
2019_1278_1332,0.7524992765815506
2019_1278_1341,0.9541882106080988
2019_1278_1345,0.3960576931578854
2019_1278_1371,0.7379223816112703
2019_1278_1385,0.8227843944161275
2019_1278_1387,0.8997931962066743
2019_1278_1388,0.6466902423112234
2019_1278_1393,0.7517803120067155
2019_1278_1396,0.7812312740104316
2019_1278_1397,0.30853720739370194
2019_1278_1403,0.3342106706130936
2019_1278_1414,0.704969852137523
2019_1278_1416,0.938585965939555
2019_1278_1429,0.9388985618147881
2019_1278_1433,0.9439788883760551
2019_1278_1436,0.8210666134496485
2019_1278_1437,0.7511423633898275
2019_1278_1438,0.13954796289492577
2019_1278_1439,0.5059048058691706
2019_1278_1449,0.9179308145625865
2019_1278_1458,0.3570324994470687
2019_1278_1459,0.5626194543434629
2019_1278_1463,0.8291201138697557
2019_1279_1280,0.26548364508708744
2019_1279_1285,0.8668505518389872
2019_1279_1293,0.21829446821262208
2019_1279_1295,0.936652353013148
2019_1279_1297,0.8588335452761386
2019_1279_1300,0.977444581232918
2019_1279_1305,0.2738809948113692
2019_1279_1308,0.11354727515904675
2019_1279_1314,0.1274386404256721
2019_1279_1318,0.7394446194370352
2019_1279_1326,0.14084605444094092
2019_1279_1328,0.11819269641604822
2019_1279_1330,0.7330389102475062
2019_1279_1332,0.31966198852634264
2019_1279_1341,0.9291589310602548
2019_1279_1345,0.12582026482292696
2019_1279_1371,0.3432450822752983
2019_1279_1385,0.4976122758298496
2019_1279_1387,0.7453284261458767
2019_1279_1388,0.20820249883016226
2019_1279_1393,0.1295682220787563
2019_1279_1396,0.444356074969873
2019_1279_1397,0.1253898191630498
2019_1279_1403,0.11850084489053447
2019_1279_1414,0.2545176679067181
2019_1279_1416,0.20078188591340293
2019_1279_1429,0.17839409474571996
2019_1279_1433,0.24502195186902606
2019_1279_1436,0.5610788342230789
2019_1279_1437,0.22279956686439495
2019_1279_1438,0.08043744494401694
2019_1279_1439,0.15152595551217762
2019_1279_1449,0.13210543534193445
2019_1279_1458,0.11529799284616804
2019_1279_1459,0.16200017744338713
2019_1279_1463,0.5968712130931704
2019_1280_1285,0.913074641017386
2019_1280_1293,0.5065250003476734
2019_1280_1295,0.954060784584325
2019_1280_1297,0.9099400853171121
2019_1280_1300,0.9837050870450358
2019_1280_1305,0.18227160983022608
2019_1280_1308,0.33448732396151715
2019_1280_1314,0.16582513423717504
2019_1280_1318,0.8584698473499803
2019_1280_1326,0.44744507605670614
2019_1280_1328,0.3300580385787851
2019_1280_1330,0.8609751328513775
2019_1280_1332,0.6600392368444562
2019_1280_1341,0.9489884360080719
2019_1280_1345,0.2520661935512467
2019_1280_1371,0.657656575101031
2019_1280_1385,0.7611958604438441
2019_1280_1387,0.8754344659980546
2019_1280_1388,0.49148586093081015
2019_1280_1393,0.37866937059382516
2019_1280_1396,0.7214813412604913
2019_1280_1397,0.17692200321890716
2019_1280_1403,0.2028776394330739
2019_1280_1414,0.564843904960241
2019_1280_1416,0.4800905209729856
2019_1280_1429,0.4438550156635615
2019_1280_1433,0.6066707305615918
2019_1280_1436,0.7653378390497999
2019_1280_1437,0.2266561480607646
2019_1280_1438,0.08562524962624407
2019_1280_1439,0.2735049005728576
2019_1280_1449,0.4197523937964324
2019_1280_1458,0.08905244102349218
2019_1280_1459,0.06371994066033614
2019_1280_1463,0.786766043069015
2019_1285_1293,0.12151443955517771
2019_1285_1295,0.8307214564246309
2019_1285_1297,0.6605773127479555
2019_1285_1300,0.9686968401720865
2019_1285_1305,0.07228695164156884
2019_1285_1308,0.10264989938120417
2019_1285_1314,0.0826933561943326
2019_1285_1318,0.34593613012502356
2019_1285_1326,0.06088478866233582
2019_1285_1328,0.08327908576185372
2019_1285_1330,0.5743853723089296
2019_1285_1332,0.09891075158536078
2019_1285_1341,0.7984363181533032
2019_1285_1345,0.06759717358441586
2019_1285_1371,0.1490770107537468
2019_1285_1385,0.21952902865963542
2019_1285_1387,0.5783651079302055
2019_1285_1388,0.09118514225499497
2019_1285_1393,0.07932003636475471
2019_1285_1396,0.2024728666688972
2019_1285_1397,0.07568954991936505
2019_1285_1403,0.06597820168554724
2019_1285_1414,0.17287589378280166
2019_1285_1416,0.12453997108701509
2019_1285_1429,0.12189663057065059
2019_1285_1433,0.12165160405472397
2019_1285_1436,0.2802257608811911
2019_1285_1437,0.07645468021864277
2019_1285_1438,0.050672631218579456
2019_1285_1439,0.0693407228218158
2019_1285_1449,0.10947241808307484
2019_1285_1458,0.06119355216358591
2019_1285_1459,0.05024116216244012
2019_1285_1463,0.21479061258377052
2019_1293_1295,0.9553096859220938
2019_1293_1297,0.871064904885631
2019_1293_1300,0.9836179671242673
2019_1293_1305,0.36520959802559105
2019_1293_1308,0.14484778556139172
2019_1293_1314,0.16161795435836157
2019_1293_1318,0.7501207920872885
2019_1293_1326,0.43571574286831627
2019_1293_1328,0.4967835632424831
2019_1293_1330,0.7982870294527591
2019_1293_1332,0.4457830015150329
2019_1293_1341,0.9493121103633231
2019_1293_1345,0.18645920755389445
2019_1293_1371,0.8307131232840733
2019_1293_1385,0.9190910384720584
2019_1293_1387,0.818582374058846
2019_1293_1388,0.6071602207761401
2019_1293_1393,0.40719984881085214
2019_1293_1396,0.8985008975059547
2019_1293_1397,0.14299186049219992
2019_1293_1403,0.1512188724412844
2019_1293_1414,0.3043236571017831
2019_1293_1416,0.7090116627935872
2019_1293_1429,0.7215844822105727
2019_1293_1433,0.7556164531274944
2019_1293_1436,0.5953016224686637
2019_1293_1437,0.3755150926570776
2019_1293_1438,0.08283376626122396
2019_1293_1439,0.20383866497188952
2019_1293_1449,0.6142472998717866
2019_1293_1458,0.19406150103839626
2019_1293_1459,0.2033484681614035
2019_1293_1463,0.5500994175367999
2019_1295_1297,0.13077763709700108
2019_1295_1300,0.9434353034083423
2019_1295_1305,0.04042842535914126
2019_1295_1308,0.04226713435864138
2019_1295_1314,0.0469757571885806
2019_1295_1318,0.07279889859686839
2019_1295_1326,0.03318993982974772
2019_1295_1328,0.04450345124408828
2019_1295_1330,0.11788914803256123
2019_1295_1332,0.04208837804513188
2019_1295_1341,0.313105097742986
2019_1295_1345,0.03460564937112531
2019_1295_1371,0.06004039392191185
2019_1295_1385,0.06082357512903391
2019_1295_1387,0.11668609316419687
2019_1295_1388,0.04329656239085766
2019_1295_1393,0.041432158901762994
2019_1295_1396,0.06357075172253013
2019_1295_1397,0.042790820150027664
2019_1295_1403,0.03581596357795358
2019_1295_1414,0.054409792235314836
2019_1295_1416,0.05369024603535599
2019_1295_1429,0.05371744337239437
2019_1295_1433,0.05053571487743447
2019_1295_1436,0.06492578546166305
2019_1295_1437,0.03969482071309349
2019_1295_1438,0.03020209211546232
2019_1295_1439,0.03569788645681726
2019_1295_1449,0.04793212899336452
2019_1295_1458,0.03229871390720396
2019_1295_1459,0.029053757604430963
2019_1295_1463,0.05494865044374719
2019_1297_1300,0.9721603391044561
2019_1297_1305,0.0675182553963729
2019_1297_1308,0.10355399207681792
2019_1297_1314,0.08314679149892867
2019_1297_1318,0.3640173386138793
2019_1297_1326,0.06314525355128675
2019_1297_1328,0.08629458241059018
2019_1297_1330,0.2588692561936751
2019_1297_1332,0.10511621202454324
2019_1297_1341,0.842891469293365
2019_1297_1345,0.07021403360682399
2019_1297_1371,0.15787836236358166
2019_1297_1385,0.23135888407548577
2019_1297_1387,0.5974969806328598
2019_1297_1388,0.09695806660668038
2019_1297_1393,0.0822050327801247
2019_1297_1396,0.2136351943846364
2019_1297_1397,0.07686186661794736
2019_1297_1403,0.0640050376859227
2019_1297_1414,0.1670543431738325
2019_1297_1416,0.13211760306887277
2019_1297_1429,0.12933718956649365
2019_1297_1433,0.12907940521450312
2019_1297_1436,0.2964290146448679
2019_1297_1437,0.07924442923174668
2019_1297_1438,0.04682342545417473
2019_1297_1439,0.0701212603806809
2019_1297_1449,0.10551359561983453
2019_1297_1458,0.06357941561278957
2019_1297_1459,0.0468533539891095
2019_1297_1463,0.07723818189260673
2019_1300_1305,0.013687858807221898
2019_1300_1308,0.015256207550386924
2019_1300_1314,0.017571132443227944
2019_1300_1318,0.02249866100410891
2019_1300_1326,0.011373831746475327
2019_1300_1328,0.015577191162051252
2019_1300_1330,0.028531692901790695
2019_1300_1332,0.01492129863888536
2019_1300_1341,0.03968089651124071
2019_1300_1345,0.012844234603204385
2019_1300_1371,0.020612384204836687
2019_1300_1385,0.020848745498693755
2019_1300_1387,0.02820946009222325
2019_1300_1388,0.015001402493395433
2019_1300_1393,0.015106440448515501
2019_1300_1396,0.02199772854179749
2019_1300_1397,0.015986608835344973
2019_1300_1403,0.013555627334360443
2019_1300_1414,0.018008602220264014
2019_1300_1416,0.018946384691814866
2019_1300_1429,0.019367733849806612
2019_1300_1433,0.01793298574659552
2019_1300_1436,0.022380176362326143
2019_1300_1437,0.014245018886740124
2019_1300_1438,0.010264936834183724
2019_1300_1439,0.013269135746478034
2019_1300_1449,0.016226286464229855
2019_1300_1458,0.012017774554712535
2019_1300_1459,0.009585236765672023
2019_1300_1463,0.019251944963256884
2019_1305_1308,0.47564699929055876
2019_1305_1314,0.19262938972076815
2019_1305_1318,0.8736593140839319
2019_1305_1326,0.5585218534754218
2019_1305_1328,0.4479330227187222
2019_1305_1330,0.8910489703306129
2019_1305_1332,0.7558260791527578
2019_1305_1341,0.9620601381331165
2019_1305_1345,0.32785729825942256
2019_1305_1371,0.7026479854759342
2019_1305_1385,0.8259192240019186
2019_1305_1387,0.9027996891645025
2019_1305_1388,0.4984049236903502
2019_1305_1393,0.508458841684109
2019_1305_1396,0.784282585134606
2019_1305_1397,0.2475163722769862
2019_1305_1403,0.26992856383255637
2019_1305_1414,0.7008427474314669
2019_1305_1416,0.6118365693980109
2019_1305_1429,0.5721902416024215
2019_1305_1433,0.7220312924727856
2019_1305_1436,0.8236877077706747
2019_1305_1437,0.722070979638962
2019_1305_1438,0.0979857874675758
2019_1305_1439,0.3955744002821088
2019_1305_1449,0.5662775802568953
2019_1305_1458,0.3798724903296522
2019_1305_1459,0.10939385961328078
2019_1305_1463,0.8057529613339265
2019_1308_1314,0.1983752726242386
2019_1308_1318,0.8002995232668418
2019_1308_1326,0.6273365146384576
2019_1308_1328,0.6541760459377266
2019_1308_1330,0.8365333315157021
2019_1308_1332,0.5425382286960431
2019_1308_1341,0.9567864538519075
2019_1308_1345,0.25554304637043135
2019_1308_1371,0.90713877142714
2019_1308_1385,0.9528339303723835
2019_1308_1387,0.8531950281372452
2019_1308_1388,0.7478326609037648
2019_1308_1393,0.5996056135460778
2019_1308_1396,0.9441270893248684
2019_1308_1397,0.19056238003608206
2019_1308_1403,0.20925157275980155
2019_1308_1414,0.4422441460914544
2019_1308_1416,0.8278656561841142
2019_1308_1429,0.8323880676428115
2019_1308_1433,0.8555866359535135
2019_1308_1436,0.7272390879523302
2019_1308_1437,0.5353618848862094
2019_1308_1438,0.07596093802686776
2019_1308_1439,0.277167881579957
2019_1308_1449,0.7705073938441684
2019_1308_1458,0.2650443694153555
2019_1308_1459,0.2785669567396313
2019_1308_1463,0.6597354802666281
2019_1314_1318,0.8970864332483215
2019_1314_1326,0.8679278549091423
2019_1314_1328,0.8122231570620101
2019_1314_1330,0.9028607032003088
2019_1314_1332,0.8743608469674004
2019_1314_1341,0.9472911075320289
2019_1314_1345,0.6153891893187157
2019_1314_1371,0.841895582898992
2019_1314_1385,0.8928214367114042
2019_1314_1387,0.9130826277516014
2019_1314_1388,0.8172369697926519
2019_1314_1393,0.835169541212307
2019_1314_1396,0.8690710141238821
2019_1314_1397,0.4678894717804111
2019_1314_1403,0.5866460272926765
2019_1314_1414,0.8492958480881062
2019_1314_1416,0.8515631925452923
2019_1314_1429,0.8432185324111314
2019_1314_1433,0.9002579471528247
2019_1314_1436,0.8784593850764347
2019_1314_1437,0.8190937994452768
2019_1314_1438,0.2131959082415054
2019_1314_1439,0.6986554054218307
2019_1314_1449,0.8752353254587492
2019_1314_1458,0.7523654466398113
2019_1314_1459,0.722406949058774
2019_1314_1463,0.8757747922309709
2019_1318_1326,0.10984165819739933
2019_1318_1328,0.14805106449851146
2019_1318_1330,0.44890211110011047
2019_1318_1332,0.2011574550923313
2019_1318_1341,0.9135179543474188
2019_1318_1345,0.09165402000987966
2019_1318_1371,0.2866831434152245
2019_1318_1385,0.5313034936388055
2019_1318_1387,0.47788483443570756
2019_1318_1388,0.18710393969445283
2019_1318_1393,0.11888676762778239
2019_1318_1396,0.45311384520590536
2019_1318_1397,0.09440199957442186
2019_1318_1403,0.08419865097736234
2019_1318_1414,0.10257557334261222
2019_1318_1416,0.24604609863082927
2019_1318_1429,0.241535330042827
2019_1318_1433,0.24111585056545892
2019_1318_1436,0.1686900004570332
2019_1318_1437,0.11563763206164024
2019_1318_1438,0.058849844482162794
2019_1318_1439,0.08932654746039714
2019_1318_1449,0.2030673621859439
2019_1318_1458,0.08248570837111302
2019_1318_1459,0.07992329909616425
2019_1318_1463,0.14162386708905636
2019_1326_1328,0.5683961012957015
2019_1326_1330,0.886891128147089
2019_1326_1332,0.6854377406053421
2019_1326_1341,0.9628028458982159
2019_1326_1345,0.20806096223875314
2019_1326_1371,0.8790323582791151
2019_1326_1385,0.8006643423249442
2019_1326_1387,0.8943482829258329
2019_1326_1388,0.5072041801357204
2019_1326_1393,0.5132803352349685
2019_1326_1396,0.7706872127917798
2019_1326_1397,0.15985681493147497
2019_1326_1403,0.176219441599336
2019_1326_1414,0.612905062688071
2019_1326_1416,0.781543695783232
2019_1326_1429,0.775926370098625
2019_1326_1433,0.7998323628565611
2019_1326_1436,0.8133446720527281
2019_1326_1437,0.4182319014872077
2019_1326_1438,0.05913890174814229
2019_1326_1439,0.22429201660800235
2019_1326_1449,0.7140809978143151
2019_1326_1458,0.20441480730316575
2019_1326_1459,0.3199372785765091
2019_1326_1463,0.8313551010051039
2019_1328_1330,0.8571419145416812
2019_1328_1332,0.6712802442519422
2019_1328_1341,0.9498158011031426
2019_1328_1345,0.2561328079733248
2019_1328_1371,0.6391517253836264
2019_1328_1385,0.7640698650753469
2019_1328_1387,0.8720243892132825
2019_1328_1388,0.4712208368254328
2019_1328_1393,0.5886702120035855
2019_1328_1396,0.7127844460432935
2019_1328_1397,0.1870820749377997
2019_1328_1403,0.20636964912084066
2019_1328_1414,0.5772163713756854
2019_1328_1416,0.4787830547388031
2019_1328_1429,0.847378167207153
2019_1328_1433,0.8688289530798055
2019_1328_1436,0.7612746743316479
2019_1328_1437,0.5629690402446323
2019_1328_1438,0.07051825618773166
2019_1328_1439,0.27778892800479627
2019_1328_1449,0.43210255903329625
2019_1328_1458,0.26426755810566005
2019_1328_1459,0.29811859418012354
2019_1328_1463,0.7777965444961372
2019_1330_1332,0.20437447500347483
2019_1330_1341,0.8579508648103805
2019_1330_1345,0.08119191192114561
2019_1330_1371,0.276554651292267
2019_1330_1385,0.39578610693261485
2019_1330_1387,0.7453273176368055
2019_1330_1388,0.16251829675596152
2019_1330_1393,0.1225059521232692
2019_1330_1396,0.33795133229636876
2019_1330_1397,0.08247015430142812
2019_1330_1403,0.06906709217985263
2019_1330_1414,0.24893250692762714
2019_1330_1416,0.20278400252705353
2019_1330_1429,0.20336818503997844
2019_1330_1433,0.21038295212565505
2019_1330_1436,0.4607928614680332
2019_1330_1437,0.10827568920165287
2019_1330_1438,0.04459050502432438
2019_1330_1439,0.07360804107707697
2019_1330_1449,0.16939014581883938
2019_1330_1458,0.08539709895479441
2019_1330_1459,0.07162609448385093
2019_1330_1463,0.08479768661354921
2019_1332_1341,0.9521688328373903
2019_1332_1345,0.1422391223164191
2019_1332_1371,0.7088023668258963
2019_1332_1385,0.7992846711473978
2019_1332_1387,0.8161269761728546
2019_1332_1388,0.43395706629928266
2019_1332_1393,0.2949115415251189
2019_1332_1396,0.78251304629977
2019_1332_1397,0.1139540371588118
2019_1332_1403,0.11898369714906953
2019_1332_1414,0.301918715670105
2019_1332_1416,0.5472271936449415
2019_1332_1429,0.5624766637914644
2019_1332_1433,0.6053194926920398
2019_1332_1436,0.6182259484382586
2019_1332_1437,0.25642522850543714
2019_1332_1438,0.06178044035788788
2019_1332_1439,0.1543564529475736
2019_1332_1449,0.4412935081075031
2019_1332_1458,0.1427243084522385
2019_1332_1459,0.1621346962757365
2019_1332_1463,0.6522465181989903
2019_1341_1345,0.038524515557232464
2019_1341_1371,0.06805863004430379
2019_1341_1385,0.06893873203988876
2019_1341_1387,0.14063883730519822
2019_1341_1388,0.04919573703635538
2019_1341_1393,0.04631980069459429
2019_1341_1396,0.07202433146096932
2019_1341_1397,0.04623166726423422
2019_1341_1403,0.036394347208515976
2019_1341_1414,0.05112267633888323
2019_1341_1416,0.058771821835869265
2019_1341_1429,0.06094601703542035
2019_1341_1433,0.057362088170517245
2019_1341_1436,0.07709411123496868
2019_1341_1437,0.044790532760471735
2019_1341_1438,0.028128982397573554
2019_1341_1439,0.03705346489711092
2019_1341_1449,0.046583970766108096
2019_1341_1458,0.036308840148573385
2019_1341_1459,0.026074696476284465
2019_1341_1463,0.062331990093694944
2019_1345_1371,0.8431833734279078
2019_1345_1385,0.8987945790548024
2019_1345_1387,0.9293169306033585
2019_1345_1388,0.7865250372667566
2019_1345_1393,0.7685164109327687
2019_1345_1396,0.8774794459934234
2019_1345_1397,0.4802124196603015
2019_1345_1403,0.15494598078807229
2019_1345_1414,0.8313363286089634
2019_1345_1416,0.8138002755265151
2019_1345_1429,0.8027344852999957
2019_1345_1433,0.8403898621143141
2019_1345_1436,0.8930962057610529
2019_1345_1437,0.7038048484394385
2019_1345_1438,0.18955482693712633
2019_1345_1439,0.34169246238148027
2019_1345_1449,0.7945652587036657
2019_1345_1458,0.4787044491646444
2019_1345_1459,0.39070145666305134
2019_1345_1463,0.8858792599678185
2019_1371_1385,0.46295947702141077
2019_1371_1387,0.7489022973044294
2019_1371_1388,0.1609515442743462
2019_1371_1393,0.2765358292435395
2019_1371_1396,0.3684500133356807
2019_1371_1397,0.13397843988235747
2019_1371_1403,0.12593668814822945
2019_1371_1414,0.2154808378172243
2019_1371_1416,0.6418661200552929
2019_1371_1429,0.6559322393028668
2019_1371_1433,0.6779534927415188
2019_1371_1436,0.48254984365332715
2019_1371_1437,0.27029991890887783
2019_1371_1438,0.08356922642203524
2019_1371_1439,0.17349361498800164
2019_1371_1449,0.5394391990165062
2019_1371_1458,0.14288904906391575
2019_1371_1459,0.17242771160378112
2019_1371_1463,0.5192591416974938
2019_1385_1387,0.6385723106050494
2019_1385_1388,0.08255315588353462
2019_1385_1393,0.21397879970239164
2019_1385_1396,0.19355712438844278
2019_1385_1397,0.09604716336328734
2019_1385_1403,0.08400180783228539
2019_1385_1414,0.10606605209558052
2019_1385_1416,0.3654777546613067
2019_1385_1429,0.37991219662141373
2019_1385_1433,0.4222702434232316
2019_1385_1436,0.28519207659012885
2019_1385_1437,0.1836698173396616
2019_1385_1438,0.056498516575321234
2019_1385_1439,0.11027650910658682
2019_1385_1449,0.27347660718882894
2019_1385_1458,0.09825508700074925
2019_1385_1459,0.11613005020690048
2019_1385_1463,0.2643341112135037
2019_1387_1388,0.14593640144119824
2019_1387_1393,0.11570152100882247
2019_1387_1396,0.30607031631235815
2019_1387_1397,0.07366590990088306
2019_1387_1403,0.06010219132721395
2019_1387_1414,0.049154564840474986
2019_1387_1416,0.18299144154528724
2019_1387_1429,0.1829444671154835
2019_1387_1433,0.18942226918723393
2019_1387_1436,0.08115773999122851
2019_1387_1437,0.09658991239153936
2019_1387_1438,0.042844513870594736
2019_1387_1439,0.06355202000384452
2019_1387_1449,0.1522345603127816
2019_1387_1458,0.0727867859607696
2019_1387_1459,0.06361359404455069
2019_1387_1463,0.06693599802256993
2019_1388_1393,0.4217991849834021
2019_1388_1396,0.638211360123515
2019_1388_1397,0.17679988160114912
2019_1388_1403,0.18524820995588265
2019_1388_1414,0.46582831890693605
2019_1388_1416,0.7958297730618451
2019_1388_1429,0.7927199187938672
2019_1388_1433,0.8071055095602568
2019_1388_1436,0.7301187931003074
2019_1388_1437,0.42096636083183636
2019_1388_1438,0.09841964897828526
2019_1388_1439,0.25167591327307803
2019_1388_1449,0.7358297301771395
2019_1388_1458,0.1972764604780557
2019_1388_1459,0.2502751266755099
2019_1388_1463,0.7192541685642905
2019_1393_1396,0.7599120393025937
2019_1393_1397,0.17570950972664312
2019_1393_1403,0.19328987174516343
2019_1393_1414,0.6402674739642691
2019_1393_1416,0.5670368582036828
2019_1393_1429,0.5309405896794703
2019_1393_1433,0.6086681346384947
2019_1393_1436,0.7993996449198574
2019_1393_1437,0.4872340962233752
2019_1393_1438,0.0657707948539552
2019_1393_1439,0.2517315115554519
2019_1393_1449,0.4217943348485563
2019_1393_1458,0.24034142615803333
2019_1393_1459,0.28226562755532847
2019_1393_1463,0.8184552945709235
2019_1396_1397,0.11628826270574955
2019_1396_1403,0.10210525924198599
2019_1396_1414,0.13213787032625346
2019_1396_1416,0.47192670035885487
2019_1396_1429,0.4873363558964162
2019_1396_1433,0.53140729337671
2019_1396_1436,0.3386159474641263
2019_1396_1437,0.22696968769706283
2019_1396_1438,0.06989762627918694
2019_1396_1439,0.13321895598711653
2019_1396_1449,0.3686997196031825
2019_1396_1458,0.11901398730289159
2019_1396_1459,0.1400985372835527
2019_1396_1463,0.32957962108355177
2019_1397_1403,0.38579368486458776
2019_1397_1414,0.8664929364485568
2019_1397_1416,0.8642289878853427
2019_1397_1429,0.8586755310200496
2019_1397_1433,0.8790349559576377
2019_1397_1436,0.8929375169473328
2019_1397_1437,0.7804027102435763
2019_1397_1438,0.35542900526198384
2019_1397_1439,0.6193928104823655
2019_1397_1449,0.8422224508769969
2019_1397_1458,0.686377828128514
2019_1397_1459,0.6411076476489396
2019_1397_1463,0.882971137801603
2019_1403_1414,0.8581978270276414
2019_1403_1416,0.8499170437836122
2019_1403_1429,0.8434672468225881
2019_1403_1433,0.8660418257041697
2019_1403_1436,0.9085656642747116
2019_1403_1437,0.7588280399728776
2019_1403_1438,0.2238747361007949
2019_1403_1439,0.47720793546993234
2019_1403_1449,0.8260576411929605
2019_1403_1458,0.6182960692817724
2019_1403_1459,0.5300051497198036
2019_1403_1463,0.8938741368876325
2019_1414_1416,0.6438463918874916
2019_1414_1429,0.657876190177087
2019_1414_1433,0.6964192627486054
2019_1414_1436,0.5083495078099196
2019_1414_1437,0.3085047095402229
2019_1414_1438,0.07200630932551644
2019_1414_1439,0.18383523186394557
2019_1414_1449,0.5415813387618305
2019_1414_1458,0.1748068737437236
2019_1414_1459,0.19144750169763192
2019_1414_1463,0.4291933859887169
2019_1416_1429,0.7407978452285533
2019_1416_1433,0.7732193820749033
2019_1416_1436,0.650359735620162
2019_1416_1437,0.39870981136640116
2019_1416_1438,0.07764170312074958
2019_1416_1439,0.2035610477289319
2019_1416_1449,0.2429572990509589
2019_1416_1458,0.1937939585187589
2019_1416_1459,0.2023556444209822
2019_1416_1463,0.5909293499774346
2019_1429_1433,0.38193349140150823
2019_1429_1436,0.6361921576173579
2019_1429_1437,0.4386610289773416
2019_1429_1438,0.0806390253087329
2019_1429_1439,0.21538553897876722
2019_1429_1449,0.22470091883677473
2019_1429_1458,0.2051972719495101
2019_1429_1459,0.21412894133301674
2019_1429_1463,0.5955219473984805
2019_1433_1436,0.5944553480403942
2019_1433_1437,0.2729684383782779
2019_1433_1438,0.04346173682880217
2019_1433_1439,0.17290899517124214
2019_1433_1449,0.19545624552939134
2019_1433_1458,0.1552512900397468
2019_1433_1459,0.2039802661168887
2019_1433_1463,0.5736915558009507
2019_1436_1437,0.18599657246321077
2019_1436_1438,0.06456045793483
2019_1436_1439,0.1107276300258947
2019_1436_1449,0.27387335183625927
2019_1436_1458,0.11053329102457232
2019_1436_1459,0.11660197869454092
2019_1436_1463,0.18310116140354687
2019_1437_1438,0.0849802063334788
2019_1437_1439,0.3323188007933787
2019_1437_1449,0.5553928697245238
2019_1437_1458,0.3178148541978254
2019_1437_1459,0.10516183155395782
2019_1437_1463,0.8230729976138879
2019_1438_1439,0.8443705736433635
2019_1438_1449,0.9417621603428813
2019_1438_1458,0.8696874569941958
2019_1438_1459,0.8511690245718865
2019_1438_1463,0.927470196978069
2019_1439_1449,0.7784548022003246
2019_1439_1458,0.4012512733735064
2019_1439_1459,0.3181229650136048
2019_1439_1463,0.883314737822805
2019_1449_1458,0.21096832034606328
2019_1449_1459,0.2644543970129185
2019_1449_1463,0.6742486268762471
2019_1458_1459,0.33263411649776825
2019_1458_1463,0.8960414182245274
2019_1459_1463,0.881246231936802
